,account_id,account_id_check,tweet_id,account_username,account_name,tweet_text,tweet_created_at,tweet_language,retweet_count,reply_count,like_count,quote_count,profile_image_url,is_reclaimable,tweet_text_translated_gpt3,tweet_language_gpt3,tweet_emotion_gpt3
0,38291639,38291639,1535537112568590337,leonoticias_,Leonoticias,"MULTIMEDIA | Las autoridades ucranianas han se√±alado, por primera vez desde el inicio de la guerra el pasado 24... https://t.co/WQgEdoCqir | #leonesp #leonoticias",2022-06-11 08:19:11+00:00,es,0,0,0,0,https://pbs.twimg.com/profile_images/967697122022838272/YlbdAsEj_normal.jpg,True,"

Ukrainian authorities have for the first time since the start of the war pointed out on 24...",Russian,Fear
1,118032930,118032930,1535537058105655296,lacronicaverde,C√©sar Javier Palacios,"Periodistas en Bruselas, horrorizados con la guerra, comprometidos con Ucrania, la libertad y el derecho de los pueblos a decidir su destino üá∫üá¶
#Noalaguerra https://t.co/LDFURirhkD",2022-06-11 08:18:58+00:00,es,0,0,0,0,https://pbs.twimg.com/profile_images/1182599799264153600/p4ZuWQ90_normal.jpg,True,"

Journalists in Brussels, horrified with the war, committed to Ukraine, freedom and the right of the peoples to decide their destiny üá∫üá¶#Noalaguerra",2018,Happiness
2,1064229467516747776,1064229467516747776,1535537015835467777,elMUELLEdelaSAL,elMUELLEdelaSAL,"RT @eraser: El efecto en la guerra de Starlink de Elon Musk ha sido devastador, seg√∫n el ej√©rcito americano | Tecnolog√≠a - https://t.co/PiH‚Ä¶",2022-06-11 08:18:48+00:00,es,1,0,0,0,https://pbs.twimg.com/profile_images/1187645330151690240/5JrdIF-Z_normal.jpg,True,"

According to the American army, the effect of Starlink war by Elon Musk has been devastating, as reported by the army",Spanish,Anger
3,446085199,446085199,1535536970742497280,catisspain,espa√±oles catalanes,"RT @AyudaIglesNeces: ‚úÖ82 proyectos aprobados para #Ucrania en lo que va de a√±o
‚ûïM√°s de 3 millones de euros aportados. 
üÜòAyuda de emergencia‚Ä¶",2022-06-11 08:18:37+00:00,es,1,0,0,0,https://pbs.twimg.com/profile_images/1713054461/50493_37383598277_2812645_n_normal.jpg,True,"

82 projects approved for #Ukraine in the first half of the year. More than 3 million euros donated.
Emergency aid...",Language,Proud
4,343224435,343224435,1535536783987032064,Biolola,üçèLola RiSiüçè,RT @miguel025588: El fondo Monetario Internacional (FMI) present√≥ esta semana unas recomendaciones para hacer frente a las consecuencias ec‚Ä¶,2022-06-11 08:17:52+00:00,es,5,0,0,0,https://pbs.twimg.com/profile_images/1465945385/flores-republicanas_normal.jpg,True,"

The International Monetary Fund (IMF) this week released recommendations to address the consequences of the economic slowdown.",Spanish,Concern
5,2719612690,2719612690,1535536743017025537,mjosecapdepon,maria jose capdepon ,"RT @LaBasePublico: ""La invasi√≥n rusa de Ucrania ha acelerado un proceso de derechizaci√≥n social"" Pablo Iglesias

Esta semana hablamos del d‚Ä¶",2022-06-11 08:17:43+00:00,es,175,0,0,0,https://pbs.twimg.com/profile_images/1277198044145029121/D-eqTdBE_normal.jpg,True, https://t.co/xN3Nx1NfN4,,Happiness
6,1702392331,1702392331,1535536737820319745,pfbarbadillo,Pedro Fdz Barbadillo,"Suben las hipotecas y la inflaci√≥n, Biden nos manda hondure√±os, Argelia medita si cortarnos el gas, guerra en Ucrania, gasolineras en quiebra, corrupci√≥n del PSOE, Gates pronostica pandemias...

Y la #PrensaDeKalida quiere distraerte con el bikini de una tal #CamilaCabello https://t.co/umP4tt6sh2",2022-06-11 08:17:41+00:00,es,0,0,0,0,https://pbs.twimg.com/profile_images/1480886947182784525/WcBib9qU_normal.jpg,True,,Spanish,Excitement
7,1196053351445778432,1196053351445778432,1535536662549352448,VeRoNiKa_32183,üí¢üÜÖüÖ¥üÜÅüÖæÔ∏èüÖΩüÖ∏üÖ≤üÖ∞  ä’º…® ã…õ Ä÷Ü÷Ö  Ä…õ Ñ ü…õ”º…® ã÷Ö,"La magnitud de los presuntos cr√≠menes de guerra rusos en Ucrania corre el riesgo de abrumar a la oficina del fiscal de Ucrania e incluso a la Corte Penal Internacional. Se est√° trabajando con el gobierno ucraniano y los aliados para documentar los cr√≠menes
https://t.co/ZjBZzJrk5q",2022-06-11 08:17:23+00:00,es,0,0,0,0,https://pbs.twimg.com/profile_images/1352286563762319362/BAPRlslG_normal.jpg,True,"

The magnitude of the alleged Russian war crimes in Ukraine runs the risk of overwhelming the office of the Ukrainian prosecutor and even the International Criminal Court. Work is being done with the Ukrainian government and allies to document the crimes.",Russian,Outrage
8,1403249004675207170,1403249004675207170,1535536623433261057,Jabond07,Jabond007üá∫üá¶,"""Hay 37.000 mujeres luchando en las filas de las FF.AA. de Ucrania, m√°s de 1.000 mujeres se han convertido en comandantes desde el comienzo de la guerra. Tenemos el privilegio de luchar junto a nuestros hombres y nos inclinamos ante todos los que luchan hoy por nuestra libertad"". https://t.co/dzKgTstqbG",2022-06-11 08:17:14+00:00,es,0,0,0,0,https://pbs.twimg.com/profile_images/1403254148565450754/cKAu0SsB_normal.jpg,True,"

There are 37,000 women fighting in the ranks of the Ukrainian Armed Forces, more than 1,000 women have become commanders since the beginning of the war. We have the privilege of fighting alongside our men and we bow before all those who fight today for our freedom.",Libertad,Respect
9,1376506562072707073,1376506562072707073,1535536520903413760,seamistmermaid,Marta,"RT @EFEnoticias: La guerra de Ucrania y el aumento de las restricciones en China para garantizar su pol√≠tica de covid cero, han incrementad‚Ä¶",2022-06-11 08:16:50+00:00,es,1,0,0,0,https://pbs.twimg.com/profile_images/1376507099618873344/hdC8TJVJ_normal.jpg,True,"

The war in Ukraine and the increase of restrictions in China to guarantee its policy of zero COVID, have increased",Spanish,Tensions
